{
  "model_type": "linear",
  "parameters": {
    "intercept": 0.08834299951623649,
    "slope": 0.008894135323560908
  },
  "parameter_errors": {
    "intercept": 0.0015657689335248027,
    "slope": 0.0001746258352284803
  },
  "r_squared": 0.9950136642139851,
  "rmse": 0.002529172900579971,
  "aic": -175.3958883937536,
  "bic": -173.9797879915492,
  "n_peaks": 15,
  "energy_range": [
    1.2582758399394123,
    17.646747530811464
  ],
  "calibration_date": "2025-11-26T07:56:06.172707"
}